{"cameraMode":{"drawMode":0,"name":"Shaded","section":"Shading Mode"},"sceneLighting":true,"audioPlay":false,"sceneViewState":{"m_AlwaysRefresh":false,"showFog":true,"showSkybox":true,"showFlares":true,"showImageEffects":true,"showParticleSystems":true,"showVisualEffectGraphs":true,"m_FxEnabled":true},"in2DMode":false,"pivot":{"x":-1.6100012063980103,"y":1.9700000286102296,"z":-1.899999976158142},"rotation":{"x":0.07411970943212509,"y":-0.9212154746055603,"z":0.31431809067726138,"w":0.21725523471832276},"size":1.7916477918624879,"orthographic":false}